pdb	chain	cdr1	cdr2	cdr3
5ivn	A	GFTLDHY	NNSDDD	ARGCKRGRYEYDF
7aqz	C	GLTFSNY	SWTGSR	DLLGSGKDGTSVYEY
7d5b	D	GFTFSSA	GSDGSI	AGR
6z1v	B	GRTFSNY	TWSGDI	TERWGLRAPADWGS
6ir2	B	GFTFSDY	SWSGHV	AKSGTWWYQRSENDFGS
5j1s	C	GNIFSFN	TSGDT	RRNPINGPYYTTAY
7n0r	C	GFTFSSY	NGGGGS	YQAAVHQEKEDY
7aqx	C	GLTFSNY	SWSGGR	DLLGEGSRRSEYEY
4z9k	B	GFTLDDY	KDGS	RPCFLGVPLIDFGS
1xfp	A	GYTIGPY	NSGGGS	DSTIYASYYECGHGLSTGGYGYDS
7oao	F	GVTLGRH	RTFDGI	GVTAACSDNPYF
6jb2	A	GSTDSIE	YTHTGN	TRKAVPVRFALDQSSYDY
6i2g	A	GVTISALNAM	SERGN	LEDRVDSFHDY
6xzu	A	GSTFSDY	YSTGR	LGATTMINTK
6sge	D	GYGSTIE	SRAPGPS	INNRTMQDSMFLWNY
6dbg	C	GHTYSTY	NVGGSS	HRFCNTWSLGTLNV
7a48	A	GRTFNPY	TWIGGT	DKDNTGYNY
7oaq	F	GRTFSTY	RWTGSS	TTIVRAYYTEYTEADFGS
7z1d	F	GRTFSTA	RWSGGS	SKITRSLLSDYATWPYDY
7oaq	A	GFTNDFY	SVSDNT	GRFAGRDTWPSSYDY
4wem	B	GNVDRID	SEGGI	SHWGTLLIKGIEH
4w6y	B	GYTYSSN	NTRGGI	VREATYSDNRCSVRSYTYDY
8c3l	B	GSIFRTT	TSHGT	RGY
1kxv	D	GNTLCTY	DNDGT	SLRYGLPGCPIIP
8en6	C	GTIFSID	TSGSS	AKPPTYYSLEP
4tvs	b	GRTLSSY	SRSGGS	TFTPDGSWYYTRGSSYDY
1kxq	G	TYTD	YRRTGY	GNSVRLASWEGYFY
4i13	B	ERLTVDY	SWGGGL	SRISYRVWNTIPYNKLTL
7czd	A	GFTFSSY	NSDSSS	DPGGYA
1mvf	A	GFTYSRK	FIDNGN	SSRWMDYSALTAKAYNS
4hem	F	ESTFSNY	SQTGSH	GDNYYYTRTYEYDY
4lgr	B	GSIASIY	TSGGN	DEAGIGGFNDY
6lr7	B	GRTFSTS	TWTVGN	RSRGYVLSVLRSVDSYDY
5l21	B	GFGTWFRFDEN	ARYPKSGI	GEF
7nfq	D	GFTFKMY	NSAGGS	GRNWPYDY
4x7f	D	ESILSFN	TREGS	GISNP
8emy	J	GFTFGGY	NSGGDI	QLANRDY
7mfu	B	GFPVQAR	KSTGTY	YVGSSY
7mfu	F	GSISSIT	ITVNGH	AAWGYAWPLHQDDYWY
5j57	B	EFRLQYY	SAGGGV	DLEYSQIMPSCRGSYGV
5jds	B	GKMSSRR	LTTSGS	DSFEDPTCTLVTSSGAFQY
5n88	A	GFTFSTF	SRTSKT	GGWALGDEIPSSFLEFDY
5o02	C	GFTFSSY	TSAGGS	RRDYGDSWFTAGGGY
6xw5	D	GRTFSLT	SRAAY	KGQGGTWDY
6obe	B	GSIFSMH	PTGRP	QLWERYVLNDY
4ej1	C	GRTFSSY	TWGGST	DGSQYRSTYSFRDKPDYGS
7vfa	D	GVTASSV	NTVGY	TYLLRFASLSATNFPY
7f5g	D	GSFFEFG	TGNDH	LEGQRWSNY
6app	A	PEVFDIR	TPWNK	GWGIASMRY
4nbz	B	ERTFSRY	SSTGTS	NSQRTRLQDPNEYDY
6xzf	B	GFPVNRY	SSAGDR	NVGFEY
5j56	B	EFSGFTLDYY	SSSSDGF	RLGGWASFSPQEYDY
4lhj	B	GSIVNFE	TNEGS	TFGSRWPYAHSDH
6h70	C	GRTIDVS	RWSGMT	RSRFIVGVPQARDLYDY
7th2	D	PSLDYY	TGSEGS	ADPLPLVCTWGDEYDY
6yu8	B	GRTFSRP	TWSGIR	GALPRTAHYEYDY
5ja9	A	GFTFSNY	SSVGGS	RLSLISDS
3eba	A	GYTY	RSSDGT	TEVAGWPLDIGIYDY
8en2	C	GLTFSTN	NWNGGN	KMGRRLAVSRTLEEYDF
7now	A	GRTFSTY	SWSGGI	AASSAAYSGAYYYTSYYDY
7kn5	D	GVTLDYY	GSSDGR	TVGTYYSGNYHYTCSDDMDY
6zrv	B	GFSLDNY	SSSDGS	DYGSSWCTFNGMDY
4w6x	B	GYTYRKY	NSGGGT	SSNSVCPPGHVAWYND
7zxu	H	GLTVRSN	YSGGS	DLVVYGMDV
7aqy	D	GLTFSNY	TWDGGN	KLLGSSRYELALAGYDY
5m2j	D	GFTFSNY	NTNGLI	SPSGFN
6obo	C	GSIFSIN	SGSGR	VGGSYYYDEYNY
2p4a	B	GYPWTYI	DSGGGG	GGDALVATRYGR
7z1c	B	GRTFHSY	SWSSTP	DRGESYYYTRPTEYEF
4y7m	A	GFTFEDY	SNLDGS	VNAQGIYCTDYIIGPYGMDY
4qo1	A	ERTFSTY	NWSGTT	HPQRGWGSTLGWTY
6u55	A	GFTLAEY	AVGGT	YSSAYDRNY
6qgw	B	GRTFSDY	SRSGRM	DPQWSRVRSGADY
7nx0	D	GRL	SWSTGI	VDRHSPGSAWYNRNFGS
3k74	B	GFTFNNY	NPGGII	DWATGLAK
6gjs	C	GSTFAII	STGD	AVQVRDYRNY
4i0c	C	GLSTT	YTGDGF	KTGAFSYGSLWWMSRAYNH
6xw6	D	GRTISSS	SGNGGN	RSRFSAMHLAYRRLVDYDD
5hgg	S	GFTLDSY	SASGGS	DHPGLCTSESGRRRYLEV
4dka	A	GRTSSLY	SRNGAN	DRFPTMEVVTIMTNEYDY
7fat	B	GYTFSSY	DSDGS	EGGPSLSYCTGGYGFLLSGLMYNS
7te8	A	GTTYGQT	SGLQGRD	HDFLRMWEY
5jmo	C	GFTFSSY	NRVGSN	GMYAAPPW
7a50	A	GRTFSTY	SSSR	DSSPYYRRYDAAQDYDY
5o05	C	GSVSRTY	TSVGS	IRYSPIHAPLDY
7kjh	A	GRTFSNT	LWSGGL	RDFGFGNNYDY
4x7c	C	GSIFSIY	SSGGG	EDYSAYAPPSGS
4orz	C	GFTFGTS	TISGY	RVGSEYDL
2vyr	E	GFTFEEY	NARGYT	PWYPFMASKGSEFDY
7zmv	F	GSIFSIN	TSGGS	YGTYTLAPTGEGEYDDY
7l6v	E	GFTLGSR	EPSGT	GYRTDTRIPGGS
7l6v	B	GFTFNRY	SRSGDS	LNLEDMEY
7l6v	C	GADFSFY	NLNGV	MRLYTRGSVRHPES
6lz2	D	GFPVGRA	SSYGWV	SVGTGY
6gwn	C	GFTFDDY	SSSDGS	VWARVCRNPYDY
6gwn	B	GFTFRTY	SNIGGV	VRLPQRY
5e1h	B	GTTFSKN	NWNAVS	SSIYSDISGAATVWATSYNY
5vxm	B	GLEMQSH	NDDGST	KSVWFCSVIRSHEFNS
7kbk	C	RRTLSTS	RSSDGR	NRGYSGTGYPSKQYEYND
4y8d	D	EYTS	HRQSNL	TTDCAAFVERATAIT
6sc5	B	GFTFRGY	SPIGTY	GSYSRGTPFDY
7ndf	D	GSIFSII	TRGSR	EGPAGY
6x07	B	GFNFRLR	TSGGS	WAPTTAAITN
4hjj	H	GFSLSKSVM	YWDDD	RGIRSAMDY
6x05	K	ESISKRIH	TTGGR	RGRWWGTEGRLDY
6ocd	B	GFTLDNY	SSDGS	TKYGSSCPIRPYDY
7a4t	A	GSIFSIN	TSRGS	RGWTTTRGDYDY
5m2i	L	GRSLSNY	SWRGYN	SILPLSDDPGWNTY
7a4y	B	QFTFSSD	SPGGAA	TRAGTG
5f7k	C	GSIFSGN	TPQGV	LPNYRS
5e5m	H	GSTISSV	STSSTT	GLTN
6z6v	G	GRTFNND	TAGGG	DENPPGWPSRWSSAYDY
6xw4	C	GRTFRAY	DWSAAI	TYSTIAPRTSYDF
6f5g	B	DRTFSAY	RDSDAS	RQYYSGRVYSTFREEYDY
8dtn	A	GFIFDSY	TSSGSS	LDYVIDGY
6rvc	E	GRTFSSY	TSTGSS	KVAGGSYYQKDKYDY
7n0i	K	GRTDSTQ	QWRGGG	NTRWTYFSPTVPDRYDY
5mwn	E	GSISGIV	TSGGT	FFRRDYVGYDY
6fyw	C	GFTLENK	SKSGSW	TTAGGGLCWDGTTFSRLASS
5mwn	N	GIMLGYF	ISGGS	RIWRGTVYDNI
6waq	A	GRTFSEY	SWSGGS	AGLGTVVSEWDYDYDY
7nqa	D	GTFRSME	TTLGK	EADQTKGIGYVVYPY
6oq8	D	GSSFSTS	TSGGA	HNAVSGSS
6ui1	D	ASLPSTPFNPFNN	IGLR	EYTHY
6uht	D	ILTYDLDYY	SSTDGA	APLAGRYCPASHEYGY
5van	B	QRTFSPY	SWSGGT	RRINEVLTTAPDYDF
7e53	B	GPTYSSY	SYDGST	RRRGWSNTSGWKQPGWYDY
6i6j	C	GFPVKRW	RSAGHW	KDEGDFSYWYDY
5my6	B	GYIFNSC	SGDGD	CYNLETY
8h3y	D	GQTFSAW	NWNGER	MMGTYYSGSPKN
4u3x	A	GFRFDAE	YGPSGS	YTSPPQNHGFDY
7vnb	A	DFSFYDY	YHSGR	NWASGSTGDY
7a0v	F	GSTFRFR	SWSGS	SRAIEADDSRGYDY
4lhq	B	GGSFSRN	NWSASS	SSVYAEMPYADSVKATSYNY
6h72	D	GRMFSIN	SEAGT	YIQLDSTIWFRAY
8en4	C	GDIFSIY	TSSGE	VTGVIASS
7nkt	B	GSLDYY	ASSGDR	LQGSYYYTGFVANEYDY
7kgj	B	GFPVYRD	YSAGQQ	KDVGHHYEYYDY
6b20	F	GSIFSIN	TRGGR	GRSRGY
6i8g	B	THTAGQY	RWSDYS	GWPVKVISSADEYIN
7ldj	F	GFTLDYY	SSSGGN	IAATYYSGSYYFQCPHDGMDY
7dv4	F	GFTVSKN	YSGGS	AVPHSPSSFDI
7tpr	H	GYTSSSR	KRDGTN	GSWYNQWGYSMDY
6oq7	C	GSIAGFE	TKTNN	PEL
6ey0	F	GRTFSSY	SRSDNS	TPYGSRYYLRELREYDY
4lgp	B	GGTLEHY	RGEYGS	GCYSWRGP
6v7y	F	GSSFSSY	RWSDES	RLVPPGIPIPRTSESMRY
5ja8	H	GFTLDYY	SSSGGT	DFACPLIREYDY
7s2r	B	GYTYRDY	YTRGSREGS	DDRTWLPRVQLGGPRENEYNY
6hjx	G	GRIFSTN	GRIGGS	RIGGSDRLAPENYGY
5y80	B	GFKFNDS	WEDSSA	RGYSGDYRPINNP
4eig	B	GIIFSVY	TTNNN	NRGLAGPAY
7nmu	C	GFTFDYY	SSSDGT	SPLYSTNDRCISEDYDY
4nc2	B	GLTFSRY	TWGGT	GLGWDSRYSQSYNY
7qn5	F	GHTFNYP	SWSGGS	KGRYSGGLYYPTNYDY
7k84	B	GRSY	SWSSTN	SHRFSDYPMRSEDGMDY
4w6w	B	GYTSGRD	DTSGI	GPFVYGRGCLGQAFYSY
7r98	E	GRTISTF	NWSGSS	GRYLGGITSYSQGDFAP
5vxk	B	GFTLDDQ	SIDGNT	DRYTSVRQMCTMIEGLHRV
5fhx	H	GYSFTSY	DPSDGE	LKEYGNYDSFYFDV
7kn6	C	GFTFSSY	YSDGS	EGSLGGWGRDFGS
4grw	E	GFTLDDY	DSGDGS	VRTGWGLNAPDYAMDY
5lwf	D	GRTFSND	TPGTEK	TPYYRGSYYAASTYTY
7uia	E	GFTFDDY	DSWSIN	EDRLGVPTINAHPSKYDYNY
6ssi	G	GRNFFIN	TRAGT	GAS
6h15	D	GSTFSTY	HWDGGQ	RGRRYFDFTYSDVYDY
6j7w	A	GFTVSSY	RGSDGS	QGENDGPFDH
5vnw	C	GYISDAY	THGTN	LETRSYSFRY
6gju	C	GSIFRID	TSGGS	DVRTRWYASNNY
3k3q	A	GLAFDGGAMGSEHRLTAG	SPRTDE	DEDVTPRVMGVIPHADH
2wzp	K	RRTGSNW	NFDYDM	RSGGFSSNRELYDG
6cwg	D	GRDFSMY	MCSGGGGG	STTYCSATTYSSDRLYDF
7kgk	B	GFPVAYK	ESYGIKW	WVGAQY
4weu	E	GLTFDTY	SWTGIS	QKSLNVPAPWDY
6fyu	I	GRTY	NALGTR	QGQWRAAPVAVAAEYEF
6gs4	H	GRTFSSY	SWTGRS	KQYGSRADYPWDDYDY
6ehg	C	GSIFSLN	NRSGGR	GTGWSPQTDNEYNY
7my2	H	GLTFSKY	SWSGDS	DRGMGYGDFMDY
6zcz	H	AFTFSSY	SYDGSN	DGGKLWVYYFDY
5ovw	H	ESTLDDY	GSSGDS	AHRIFGGCLVIHSSGYVS
7mjh	D	GFTFDDY	YNNGR	DNLGYRPSENLYGMDV
7x7e	E	GGTLASF	DVINR	HFVPPGSRLRGCLVNELYNY
6x04	B	GSIGSLD	SRYG	VMEVGGVIDEY
5omn	C	GTIFSRN	YSDRS	RTLGS
7wd2	C	GFTLDYY	SSNNS	EPDYSGVYYYTCGWTDFGS
7a4d	H	GFRLDNY	SSSAGS	ACYSSYVTY
5fuc	V	GYIYSTY	YTNSGR	RPSIRCASFSATEYKD
7sp8	B	GRAFKTY	SALET	RRYGGTDYTTTGSYDY
4w2q	A	GFTFRSS	TTTGT	DPYGMESLRY
6hhu	G	GSIFRVN	TSGGR	DLGTGGRSYDY
4lgs	B	GGDFSRN	NWTGSG	STVFAEITGLAGYQSGSYDY
7ocj	H	GSIRSLN	TSRGS	TQLGYDY
5sv3	A	GRTLGDY	SRSTII	IANPVYATSRNSDDYGH
5f7l	B	GSIYSLI	SSGST	YSDRLTDCSNCEADY
6v7z	F	GSIFSIN	SSSGS	HVAGFDEYNY
5usf	D	GFTFSNS	NAGGNT	GLNRYAYDS
7kd0	C	GFTFSST	GSRNDI	PAGRIEDEL
7m1h	F	GNIFSIY	NSNGI	GKLRRTTGWGLDDY
5dmj	B	GFTFRDY	NPQGTR	LPFTFDD
4kfz	D	GFSFSHS	SYNSSS	GLTESLELTADWFDY
6vbg	C	GRPFSNY	NWSGTD	RVGVDYKY
6fyt	I	ISIFDIY	FRDGS	SLYRDPLGVAGGMGVY
7zra	E	GSIFSIN	TRRGS	RIEPDSSWGTEYEY
6o3c	B	GYIFSSY	GWGTI	QDLLYYSFPGDHAY
5vxl	B	GGVFIIY	DSYSGSI	NLRTNNY
6zg3	E	GFTLDDY	SRSGSS	TPVWYWSCAVKVGPYDY
6h02	B	GRTGSIY	TWTPGS	CAYGTCYYGDRAYEY
4fhb	D	GRTFSSY	SWSGSN	PGRPHGSSWSLNKKGQGYDY
4p2c	H	GSIFRLS	TSYGD	NIEAGTYYGPGRDY
4krp	D	GFSLTNY	WSGGN	ALTYYDYEFAY
5hvf	B	GSIFSPN	TNVGS	WGQDGWLGQYDY
7rnn	C	GFTFSRA	GSFGVS	RYRSSYP
7nll	C	GFTLDDY	TSSDGS	GPSFSYTGSTYYRSELPWDYDY
6h16	B	GRTFSIY	TWSGGS	ITYTRGIYKY
7my3	H	GLTHNNC	SADGT	AFPYFGNSCVLDY
5mp2	C	GNTDSSY	YIRAGI	SVRTTIQPFKGNYYNY
7b27	C	GFTFSGY	SNAGDL	PGVRVGTGERKDV
6f2g	B	GRTFSSR	SWSGSY	KNGGAASNYPNDYVY
7wpf	R	GGTFSSY	IPIFGT	LASYSSGWEDVFDI
4yga	H	GFTLDHS	NANGVS	TREFCSAYVFLYEH
7a29	F	GFPVESE	YSTGGW	QVGYWY
6oyh	H	GRSFSLY	SRRGN	FRVAVTTYTSQQANEYNY
6csy	N	GFAFSSY	TTGGN	NWDLLSDY
5hm1	A	GNIVSID	LTGGA	PMIYYGGRYSDY
6oq6	D	GFTLDYY	SASART	RRFSASSVNRWLADDYDV
6gkd	Q	GRAFSWY	SGNGSR	SSTYYYTDPEKYDY
